{
  "op_type": "SigmoidCustom",
  "op_list": [
    {
      "bin_filename": "SigmoidCustom_a3c9eb1f1b227778957282b95ed93786",
      "inputs": [
        {
          "name": "x",
          "index": 0,
          "dtype": "float16",
          "format": "ND",
          "paramType": "required",
          "shape": [
            -2
          ],
          "format_match_mode": "FormatAgnostic"
        }
      ],
      "outputs": [
        {
          "name": "y",
          "index": 0,
          "dtype": "float16",
          "format": "ND",
          "paramType": "required",
          "shape": [
            -2
          ],
          "format_match_mode": "FormatAgnostic"
        }
      ]
    }
  ]
}