{
    "SigmoidCustom":{
        "dynamicCompileStatic":{
            "flag":"true"
        },
        "dynamicFormat":{
            "flag":"true"
        },
        "dynamicRankSupport":{
            "flag":"true"
        },
        "dynamicShapeSupport":{
            "flag":"true"
        },
        "input0":{
            "dtype":"float16",
            "format":"ND",
            "name":"x",
            "paramType":"required",
            "shape":"all",
            "unknownshape_format":"ND"
        },
        "needCheckSupport":{
            "flag":"false"
        },
        "opFile":{
            "value":"sigmoid_custom"
        },
        "opInterface":{
            "value":"sigmoid_custom"
        },
        "output0":{
            "dtype":"float16",
            "format":"ND",
            "name":"y",
            "paramType":"required",
            "shape":"all",
            "unknownshape_format":"ND"
        },
        "precision_reduce":{
            "flag":"true"
        }
    }
}